,Keywords,Relevance
0,coffee depot,1250
1,coffee emoji,1250
2,coffee grinder,1250
3,coffee house,1250
4,coffee near me,1250
5,coffee open near me,1250
6,coffee quotes,1250
7,coffee tree cinepolis,1250
8,coffeezilla,1250
9,coffee zipolite,1200
10,coffee in spanish,1150
11,coffee near me,1100
12,coffee grounds,1100
13,coffee jack stauber,1001
14,coffee shop,1001
15,coffee and vanilla,1000
16,coffee cake,1000
17,coffee jelly,1000
18,coffee prince,1000
19,coffee shops near me,1000
20,coffee mate,950
21,coffee jelly recipe,900
22,coffee urn,900
23,coffee break,800
24,coffee liqueur,800
25,coffee origin,800
26,coffee underground,800
27,coffee on an empty stomach,750
28,coffee jitters,701
29,coffee roaster,701
30,coffee jokes,700
31,coffee roasters near me,700
32,coffee table,700
33,coffee vending machine,652
34,coffee for your head,651
35,coffee vs tea,651
36,coffee filter,650
37,coffee gif,650
38,coffee house near me,650
39,coffee kkot,650
40,coffee maker,650
41,coffee ratio,650
42,coffee vanilla,650
43,coffee jack,602
44,coffee youtube,602
45,coffee shop,601
46,what coffee is good for weight loss,601
47,where coffee was invented,601
48,how to coffee art,601
49,why coffee makes you poop,601
50,buy coffee,601
51,how much coffee per cup,601
52,best coffee near me,601
53,worst coffee,601
54,rent coffee machine,601
55,sale coffee table,601
56,offer coffee,601
57,coffee vs tea,601
58,coffee near me,601
59,coffee and tv,601
60,coffee bar,601
61,coffee creamer,601
62,coffee date,601
63,coffee espresso machine,601
64,coffee filter in spanish,601
65,coffee grain,601
66,coffee hopping,601
67,coffee in spanish translation,601
68,coffee jeff,601
69,coffee keto,601
70,coffee latte,601
71,coffee machine,601
72,coffee near me open,601
73,coffee or tea meme,601
74,coffee pot,601
75,coffee quotes funny,601
76,coffee racer,601
77,coffee station,601
78,coffee tree,601
79,coffee under eye cream,601
80,coffee varieties,601
81,coffee with milk,601
82,coffee express,601
83,coffee york la paz,601
84,coffee zone,601
85,coffee shops near me,600
86,what's coffee bean 100 in welsh,600
87,where coffee beans grow,600
88,how to coffee press,600
89,why coffee makes me sleepy,600
90,buy coffee canada,600
91,how much coffee grounds per cup,600
92,best coffee,600
93,worst coffee brands,600
94,rent coffee,600
95,sale coffee machine,600
96,coffee offer to a girl,600
97,coffee vs espresso,600
98,coffee shops near me,600
99,coffee and cigarettes,600
100,coffee beans,600
101,coffee cup,600
102,coffee drinks,600
103,coffee enema kit,600
104,coffee fruit,600
105,coffee grinder machine,600
106,coffee holder,600
107,coffee in mexico,600
108,coffee jelly ingredients,600
109,coffee klatch,600
110,coffee lovers,600
111,coffee meets bagel,600
112,coffee nearby,600
113,coffee on the corner sayulita,600
114,coffee plant,600
115,coffee quality institute,600
116,coffee recipes,600
117,coffee solutions,600
118,coffee traveler starbucks,600
119,coffee uses,600
120,coffee valladolid,600
121,coffee withdrawal,600
122,coffee expo portland 2023,600
123,coffee york,600
124,coffee zone menu,600
125,what coffee is best for cold brew,555
126,where coffee meets bagel,555
127,how to coffee chat,555
128,why coffee is bad for you,555
129,buy coffee beans,555
130,how much coffee for french press,555
131,best coffee maker,555
132,worst coffee in the world,555
133,rent coffee shop,555
134,sale coffee shop,555
135,coffee bean offer,555
136,coffee vs tea caffeine,555
137,coffee shop,555
138,coffee wallpaper,555
139,coffee ex machina,555
140,coffee mate,554
141,what coffee for french press,554
142,where coffee found,554
143,how to coffee scrub,554
144,why coffee shop is a good business,554
145,buy coffee online,554
146,how much coffee for 12 cups,554
147,best coffee machine,554
148,worst coffee creamer,554
149,rent coffee urn,554
150,sale coffee,554
151,offers coffee machines,554
152,coffee vs green tea,554
153,coffee bean,554
154,coffee alcohol drink,554
155,coffee bts,554
156,coffee cake recipe,554
157,coffee de olla,554
158,coffee emoji meaning,554
159,coffee in the morning,554
160,coffee kareem,554
161,coffee lab,554
162,coffee near me now,554
163,coffee pods,554
164,coffee quotes for instagram,554
165,coffee with butter,554
166,coffee x change,554
167,coffee york los fuertes,554
168,coffee tree cinepolis,553
169,what coffee is the strongest,553
170,where coffee beans,553
171,how to coffee percolator,553
172,why coffee makes me poop,553
173,buy coffee machine,553
174,how much coffee for 8 cups,553
175,best coffee grinder,553
176,worst coffee order,553
177,rent coffee dispenser,553
178,sale coffee makers,553
179,offering coffee to ancestors,553
180,coffee vs matcha,553
181,coffee table,553
182,coffee americano,553
183,coffee bar ideas,553
184,coffee cream,553
185,coffee dripper,553
186,coffee express,553
187,coffee factory,553
188,coffee hashtags,553
189,coffee icon,553
190,coffee kkot cdmx,553
191,coffee liqueur recipe,553
192,coffee mug,553
193,coffee near,553
194,coffee places near me,553
195,coffee quotes short,553
196,coffee stain,553
197,coffee talk,553
198,coffee ukulele chords,553
199,coffee warmer,553
200,coffee xo,553
201,coffee york puebla,553
202,coffee zyn,553
203,coffee break,552
204,what coffee is the best,552
205,where coffee maker,552
206,how to coffee make,552
207,why coffee is bad for pregnant,552
208,buy coffee table,552
209,how much coffee should i drink,552
210,best coffee beans,552
211,worst coffee makers,552
212,rent coffee machine near me,552
213,sale coffee table books,552
214,offer up coffee table,552
215,coffee vs red bull,552
216,coffee machine,552
217,coffee advent calendar,552
218,coffee break spanish,552
219,coffee crisp,552
220,coffee drawing,552
221,coffee empty stomach,552
222,coffee filter substitute,552
223,coffee grinder for espresso,552
224,coffee health benefits,552
225,coffee ice cream,552
226,coffee kkot men√∫,552
227,coffee luwak,552
228,coffee mate liquido,552
229,coffee nutrition,552
230,coffee o coffee,552
231,coffee place,552
232,coffee queen,552
233,coffee roaster machine,552
234,coffee station ideas,552
235,coffee table books,552
236,coffee upset stomach,552
237,coffee vs tea caffeine,552
238,coffee with baileys,552
239,coffee x change menu,552
240,coffee yes please,552
241,coffee zone columbia mo,552
242,coffeezilla,551
243,what coffee is good for diabetics,551
244,where coffee house,551
245,how to coffee beans grow,551
246,why coffee is good for you,551
247,buy coffee beans near me,551
248,how much coffee for 10 cups,551
249,best coffee shop near me,551
250,worst coffee shop,551
251,rent coffee machine for home,551
252,sale coffee beans,551
253,pret offer coffee,551
254,coffee vs americano,551
255,coffee cake recipe,551
256,coffee and kareem,551
257,coffee benefits,551
258,coffee cocktails,551
259,coffee delight,551
260,coffee el paso,551
261,coffee farm,551
262,coffee grinder walmart,551
263,coffee headache,551
264,coffee is for closers,551
265,coffee kettle,551
266,coffee logo,551
267,coffee mate vainilla,551
268,coffee names,551
269,coffee of the month club,551
270,coffee press,551
271,coffee quiz,551
272,coffee run,551
273,coffee syrup,551
274,coffee time,551
275,coffee urn walmart,551
276,coffee vs black tea caffeine,551
277,coffee with alcohol,551
278,coffee espresso,551
279,coffee yogurt,551
280,coffee zero,551
281,coffee maker,550
282,what coffee is good for high blood pressure,550
283,where coffee pot,550
284,how to coffee cupping,550
285,why coffee is bad,550
286,buy coffee beans online,550
287,how much coffee when pregnant,550
288,best coffee in the world,550
289,worst coffee machines,550
290,rent coffee table,550
291,sale coffee grinder,550
292,offer in coffee shop,550
293,coffee vs latte,550
294,coffee meets bagel,550
295,coffee alternatives,550
296,coffee beabadoobee,550
297,coffee creamer in spanish,550
298,coffee day,550
299,coffee expo portland 2023,550
300,coffee french press,550
301,coffee grounds to water ratio,550
302,coffee history,550
303,coffee in french,550
304,coffee knock box,550
305,coffee lake,550
306,coffee mate sabores,550
307,coffee nap,550
308,coffee or coffe,550
309,coffee percolator,550
310,coffee quotes love,550
311,coffee ratio calculator,550
312,coffee shops nearby,550
313,coffee to water ratio,550
314,coffee uric acid,550
315,coffee valle de guadalupe,550
316,coffee with kadhal,550
317,coffee xmas gifts,550
318,coffee yorkdale,550
319,coffee zona,550
